{
    "loss": 0.48244091868400574,
    "accuracy": 0.9482758641242981
}