{
    "loss": 0.6844102740287781,
    "accuracy": 0.9482758641242981
}